{"current":{"icon_stroke_width":2,"button_border_radius":4,"block_border_radius":"small","vertical_spacing":"medium","heading_color":"#ffffff","text_color":"#ffffff","background":"rgba(0,0,0,0)","secondary_background":"rgba(0,0,0,0)","success_color":"#2e9e7b","error_color":"#de2a2a","header_background":"#000000","header_text_color":"#ffffff","footer_background":"#000000","footer_text_color":"#ffffff","primary_button_background":"rgba(0,0,0,0)","primary_button_text_color":"#ffffff","secondary_button_background":"#ff0000","secondary_button_text_color":"#ffffff","product_rating_color":"#ff0000","product_on_sale_accent":"#ff0000","product_sold_out_accent":"#5b5b5b","product_custom_label_background":"#405de6","product_custom_label_2_background":"#f3e5b6","product_in_stock_text_color":"#2e9e7b","product_low_stock_text_color":"#de2a2a","heading_font":"montserrat_n4","heading_font_size":"medium","heading_text_transform":"normal","text_font":"montserrat_n4","text_font_size":15,"currency_code_enabled":false,"stagger_products_apparition":false,"stagger_blog_posts_apparition":true,"reveal_product_media":false,"round_color_swatches":true,"color_swatch_config":"CrimsonCream: #C3B998\nViperGreen: #475E4D\nActiveblack: #000000\nJazzyblue: #375279\nTechnopurple: #604278\nActiveblack: #000000\nIronblood: #743435\nCaptainsblue: #315183\nBlue: #4087c1\nGrey: #cac9c8\nSandpearl: #c6baab\nOceanBlue: #1d266e\nCrimsonCream: #CDC4BE\nViperGreen: #3D5544\nLightpink: #D48F87\nIvorywhite: #fffff0\nSteelblue: #5B6674\nThunderpurple: #532D84\nCyancider: #00ffef\nCoolsapphire: #1f5ca8\nMistyrose: #D8B4B7\nSteelblue: #3D6278\nBoldblue: #223952\nCoolgrey: #858585\nGreenchasingstar: #33401c\nFieryblue: #1080B0\nSpiritlime: #80ff00\nBlackstar: #23201F\nAztecfusion: #CEBD7D\nYellow: #E6CE34\nBlue: #243e5b\nRed: #a32129\nGreen: #19a04b\nSportyblue: #283e5e\nMaroonmadness: #800000\nIndisilver: #C0C0C0\nAdmiral: #2C3863\nOceana: #C2D2E0\nIguana: #71BC78\nSpiritlime\t: #AFD454\nBlackstar: #23201F\nYellowgreen: #CCE58F\nRed: #DB564C\nBlue: #34E9F7\nLime: #DAF161\nOrange: #FF9633\nRagingred: #FF431B\nFuriousblue: #1184e8\nBoldblue: #516380\nTealgreen: #006D58\nNavyblue: #000080\nOceanblue: #4F42B5\nPurplehaze: #6f4293\nMaroonmadness: #a22223\nFuriousblue: #4087c1\nRagingRed: #FF0000\nBlazingyellow: #FFFF00\nTealgreen: #008080\nOceanBlue: #006994\nTealgreen: #008080\nCherryblack: #FF0000\nOceanblue: #00BFFF\nBlackstar: #23201F\nGreen: #343B33\nBlue: #0B1024\nCherry: #fdccd4\nGreen: #0B504F\nRed: #f7022A\nCoolGrey: #BEBEBE\nMidnightblue: #1D2951\nSportyblue: #283e5e\nPitchblack: #000000\nOlivegreen: #556b2f\nSandycream: #FDD9B5\nBlue: #17517E\nOrangefusion: #FF8C00\nGrey: #696969\nTwilightgrey: #c1c1c1\nVividred: #F70D1a\nMidnightblue: #003366\nSilverchrome: #C4CACE\nBluechrome: #0041c2\nBlue: #5f6d7a\nKingspurple: #585080\nSoldiersblue: #5c6e92\nStarkred: #805858\nFirebrick: #995263\nDarkblue: #455272\nOlivedrab: #728976\nCaptaonsblue: #1065aa\nIronblood: #801b1c\nPride: #e9ba35\nNavyblue: #E14354\nTeal: #2E6774\nMediumpurple: #62618F\nLavenderblush: #D7C9C7\nTRebelPouch: #3F46A6\nSandpearl: #c6baab\nSnowwhite: #ffffff\nCyancider: #00ffef\nCoolgrey: #858585\nMintgreen: #3DF3B1\nMintpurple: #91AFF1\nMintorange: #ED7014\nMintgreen: #B6FADC\nMintpurple: #a2b4cd\nMintGreen: #95bcad\nMintOrange: #e37c37\nMintPurple: #6c81a2\nSpiritlime: #D0EA93\nNeongreen: #D9F060\nVeryperi: #888AC7\nBubblegum: #C85F74\nCascade: #8BC8BF\nOrchidBloom: #C2B5CA\nOlivegreen: #556B2F\nSandycream: #FDD9B5\nDeepblue: #000080\nWakandablack: #945CC1\nCaptainsblue: #2B68B9\nStarkred: #AC2C2E\nWhitepurity: #FFFFFF\nCarbonBlack: #000000\nBlackChrome: #000000\nGlossyGrey: #2C2D30\nCaptain’sBlue: #064C94\nSpiritWhite: #FFFFFF\nWhiteFrost: #F0F0F0\nPearlWhite: #DBDBDB\nGunmetalGrey: #555559\nSterlingSilver: #C9C9CB\nScarletRed: #511E1F\nIndiBlue: #0157AC\nIndiLime: #91A52E\nMintPink: #DD7173\nMintBlue: #8DC6D5\nCharcoalBlack: #2A2A2A\nIndiBlack: #000000\nActiveBlack: #000000\nPremiumBlack: #000000\nJetBlack: #000000\nCosmicBlack: #000000\nKingsBlack: #000000\nCaptain'sBlue: #1E3F7F\nKing'sPurple: #241C4A\nSoldier'sBlue: #2C406B\nBlackChrome: #000000\nBlackSabre: #000000\nWhiteSabre: #D0D0D0\nCherryBlack: #FF0000\nPitchBlack: #000000\nWakandaBlack: #945cc1\nScarletRed: #582f2f\nDeepBlue: #4087c1\nRagingRed: #963435","show_vendor":false,"show_secondary_image":true,"product_add_to_cart":true,"show_product_rating":true,"discount_mode":"percentage","product_color_display":"count","product_image_size":"short","search_enable_pages":false,"search_enable_collections":true,"cart_type":"drawer","cart_icon":"shopping_cart","cart_empty_button_link":"shopify:\/\/collections","cart_show_free_shipping_threshold":false,"cart_free_shipping_threshold":"999","social_facebook":"https:\/\/www.facebook.com\/boat.nirvana\/","social_twitter":"https:\/\/twitter.com\/RockWithboAt","social_instagram":"https:\/\/www.instagram.com\/boat.nirvana\/","social_youtube":"https:\/\/www.youtube.com\/channel\/UCY3JXaO_v8H3E6hTYUp5qWQ","social_linkedin":"https:\/\/www.linkedin.com\/company\/boat-lifestyle\/","favicon":"shopify:\/\/shop_images\/32x32_256x256.png_32x32_2d0995d9-ec86-4c14-b928-71101777194c.png","mid":"12wyqc2lkv1ku5f576t","envType":"production","gk-merchant-btnText":"Pay via Card","fbpixel":"414531388748470","priClr":"#ff0000","secClr":"#ffffff","goEnable":true,"checkout_logo_image":"shopify:\/\/shop_images\/Boat-Logo_2_256x256_7343fcda-46a7-4e67-885d-1ad75a441106.png","checkout_sidebar_background_color":"#fafafa","checkout_accent_color":"#000000","checkout_button_color":"#ea2127","checkout_error_color":"#e32c2b","accent_color":"#405de6","sections":{"announcement-bar":{"type":"announcement-bar","blocks":{"message-1":{"type":"message","settings":{"text":"<b>Big savings on your favourite boAt products. Grab now!<\/b>","button_link":"shopify:\/\/collections\/daily-deals"}}},"block_order":["message-1"],"settings":{"announcement_bar_position":"non_sticky","announcement_text_size":"normal","autoplay":true,"cycle_speed":5,"background":"#ff0000","text_color":"#ffffff","button_background":"#282828","button_text_color":"#ffffff"}},"header":{"type":"header","settings":{"enable_sticky_header":true,"logo":"shopify:\/\/shop_images\/Boat-Logo_200x_200x_f9c79bf9-9c9a-477d-ab6a-7c889a1f2f70.png","logo_max_width":85,"mobile_logo_max_width":65,"navigation_menu":"header-menu","sidebar_navigation_menu":"mobile-menu","sidebar_navigation_menu_cat":"mobile-categores","header_layout":"logo_left_navigation_center","show_icons":true,"reduce_desktop_padding":true,"show_locale_selector":false,"show_country_selector":false,"enable_transparent_header":false,"transparent_header_text_color":"#ffffff","search_menu":""}},"footer":{"type":"footer","blocks":{"newsletter":{"type":"newsletter","settings":{"title":"","content":""}},"8f29464b-aba1-4625-abdf-ca11e601886b":{"type":"social_media","settings":{"title":"","content":""}},"1d2ae545-95ef-4112-a0a9-c6925fd8cd04":{"type":"links","settings":{"menu":"shop2-0"}},"links":{"type":"links","settings":{"menu":"help2-0"}},"f41c1b03-2ede-40bb-80fe-8334383c564e":{"type":"links","settings":{"menu":"company2-0"}}},"block_order":["newsletter","8f29464b-aba1-4625-abdf-ca11e601886b","1d2ae545-95ef-4112-a0a9-c6925fd8cd04","links","f41c1b03-2ede-40bb-80fe-8334383c564e"],"settings":{"payment_strip":"shopify:\/\/shop_images\/Fotter_payment_icn_2_900x_aff68517-98f4-4a82-9aee-2405cea66251.png","popup_image":"shopify:\/\/shop_images\/WhatsApp_Image_2022-04-22_at_12.16.48_PM.jpg","show_payment_icons":true,"show_country_selector":false,"show_locale_selector":false,"show_cookie_bar":false,"cookie_bar_title":"Cookie policy","cookie_bar_content":"<p>I agree to the processing of my data in accordance with the conditions set out in the policy of Privacy.<\/p>"}},"popup":{"type":"popup","settings":{"enable":false,"apparition_delay":5,"show_only_on_index":true,"show_only_for_visitors":true,"show_only_once":true,"image_position":"left","title":"Get 10% off","content":"<p>Promotions, new products and sales. Directly to your inbox.<\/p>"}},"mini-cart":{"type":"mini-cart","settings":{"cart_announcement":"Free Shipping sitewide | <b>Cash On Delivery<\/b> available for order value upto <b>₹3000<\/b>","show_order_note":false,"show_checkout_button":true,"empty_button_link":"shopify:\/\/collections","show_recommendations":true,"recommendations_title":"You may also like"}},"static-text-with-icons":{"type":"static-text-with-icons","blocks":{"static-text-with-icons-0":{"type":"item","settings":{"icon":"picto-box","custom_icon_width":50,"title":"Free shipping","content":"<p>Free worldwide shipping and returns - customs and duties taxes included<\/p>"}},"static-text-with-icons-1":{"type":"item","settings":{"icon":"picto-phone","custom_icon_width":50,"title":"Customer service","content":"<p>We are available from monday to friday to answer your questions.<\/p>"}},"static-text-with-icons-2":{"type":"item","settings":{"icon":"picto-lock","custom_icon_width":50,"title":"Secure payment","content":"<p>Your payment information is processed securely.<\/p>"}},"static-text-with-icons-3":{"type":"item","settings":{"icon":"picto-email","custom_icon_width":50,"title":"Contact us","content":"<p>Need to contact us ? Just send us an e-mail at info@yourstore.com<\/p>"}}},"block_order":["static-text-with-icons-0","static-text-with-icons-1","static-text-with-icons-2","static-text-with-icons-3"],"settings":{"show_section":false,"background":"rgba(0,0,0,0)","text_color":"rgba(0,0,0,0)"}},"static-newsletter":{"type":"static-newsletter","settings":{"show_section":false,"reveal_on_scroll":true,"subheading":"Subscribe to our newsletter","content":"<p>Promotions, new products and sales. Directly to your inbox.<\/p>","text_position":"right","text_alignment":"left","text_background":"rgba(0,0,0,0)","text_color":"rgba(0,0,0,0)","button_background":"rgba(0,0,0,0)","button_text_color":"rgba(0,0,0,0)"}},"searchtap":{"type":"searchtap","settings":{}}},"content_for_index":[],"blocks":{"319724205969189013":{"type":"shopify:\/\/apps\/form-builder-with-file-upload\/blocks\/app-embed\/b6b8dd14-356b-4725-a4ed-77232212b3c3","disabled":false,"settings":{}},"14060646107696862457":{"type":"shopify:\/\/apps\/judge-me-product-reviews\/blocks\/judgeme_core\/61ccd3b1-a9f2-4160-9fe9-4fec8413e5d8","disabled":true,"settings":{}}}},"presets":{"Ivory":{"button_border_radius":4,"block_border_radius":"small","heading_color":"#1a1a1a","text_color":"#1a1a1a","secondary_background":"#f5f1ec","success_color":"#2e9e7b","error_color":"#de2a2a","header_background":"#56112a","header_text_color":"#ffffff","footer_background":"#56112a","footer_text_color":"#ffffff","primary_button_background":"#56112a","primary_button_text_color":"#ffffff","secondary_button_background":"#f7aea6","secondary_button_text_color":"#56112a","product_on_sale_accent":"#913b59","product_custom_label_background":"#405de6","product_custom_label_2_background":"#f3e5b6","product_in_stock_text_color":"#2e9e7b","product_low_stock_text_color":"#de2a2a","heading_font":"itc_caslon_no_224_n5","heading_font_size":"medium","heading_text_transform":"normal","text_font":"avenir_next_n4","text_font_size":15,"stagger_products_apparition":true,"round_color_swatches":true,"show_vendor":false,"show_secondary_image":true,"product_color_display":"count","product_image_size":"natural","cart_type":"drawer","accent_color":"#405de6","checkout_sidebar_background_color":"#f6f3ed","checkout_accent_color":"#353535","checkout_button_color":"#353535","checkout_error_color":"#de2a2a","sections":{"announcement-bar":{"type":"announcement-bar","blocks":{"message-1":{"type":"message","settings":{}}},"block_order":["message-1"],"settings":{"announcement_bar_position":"non_sticky","announcement_text_size":"small","autoplay":true,"cycle_speed":5,"background":"#f7aea6","text_color":"#56112a","button_background":"#56112a","button_text_color":"#ffffff"}},"header":{"type":"header","settings":{"enable_sticky_header":true,"navigation_menu":"main-menu","header_layout":"logo_center_navigation_inline","show_icons":false,"reduce_desktop_padding":false,"enable_transparent_header":false,"transparent_header_text_color":"#ffffff"}},"footer":{"type":"footer","blocks":{"text":{"type":"text","settings":{}},"links":{"type":"links","settings":{"menu":"footer"}},"newsletter":{"type":"newsletter","settings":{}},"social_media":{"type":"social_media","settings":{}}},"block_order":["text","links","newsletter","social_media"],"settings":{}}}},"Carbon":{"button_border_radius":0,"block_border_radius":"none","heading_color":"#282828","text_color":"#282828","secondary_background":"#f5f5f5","success_color":"#2e9e7b","error_color":"#de2a2a","header_background":"#282828","footer_background":"#282828","footer_text_color":"#ffffff","primary_button_background":"#405de6","secondary_button_background":"#f3ff34","secondary_button_text_color":"#282828","product_on_sale_accent":"#de2a2a","product_custom_label_background":"#405de6","product_custom_label_2_background":"#f3ff34","product_in_stock_text_color":"#2e9e7b","product_low_stock_text_color":"#de2a2a","heading_font":"zurich_extended_n8","heading_font_size":"medium","heading_text_transform":"uppercase","text_font":"zurich_n4","text_font_size":15,"currency_code_enabled":false,"stagger_products_apparition":true,"round_color_swatches":false,"show_vendor":false,"show_secondary_image":true,"product_color_display":"count","product_image_size":"natural","show_product_rating":false,"cart_type":"message","cart_show_free_shipping_threshold":true,"accent_color":"#405de6","checkout_sidebar_background_color":"#f5f5f5","checkout_accent_color":"#282828","checkout_button_color":"#405de6","checkout_error_color":"#de2a2a","sections":{"announcement-bar":{"type":"announcement-bar","blocks":{"message-1":{"type":"message","settings":{}}},"block_order":["message-1"],"settings":{"announcement_bar_position":"non_sticky","announcement_text_size":"normal","autoplay":true,"cycle_speed":5,"background":"#f3ff34","text_color":"#282828","button_background":"#282828","button_text_color":"#ffffff"}},"header":{"type":"header","settings":{"enable_sticky_header":true,"navigation_menu":"main-menu","header_layout":"logo_left_navigation_center","show_icons":false,"reduce_desktop_padding":false,"enable_transparent_header":false,"transparent_header_text_color":"#ffffff"}},"footer":{"type":"footer","blocks":{"text":{"type":"text","settings":{}},"links":{"type":"links","settings":{"menu":"footer"}},"newsletter":{"type":"newsletter","settings":{}},"social_media":{"type":"social_media","settings":{}}},"block_order":["text","links","newsletter","social_media"],"settings":{}}}},"Quartz":{"icon_stroke_width":1.3,"button_border_radius":0,"block_border_radius":"none","vertical_spacing":"medium","heading_color":"#0d0d0d","text_color":"#2e2e2e","background":"#ffffff","secondary_background":"#f5f5f5","success_color":"#3c6e71","error_color":"#de2a2a","header_background":"#ffffff","header_text_color":"#2e2e2e","footer_background":"#ffffff","footer_text_color":"#2e2e2e","primary_button_background":"#051e38","primary_button_text_color":"#ffffff","secondary_button_background":"#dfdfdf","secondary_button_text_color":"#2e2e2e","product_on_sale_accent":"#de2b2b","product_sold_out_accent":"#5b5b5b","product_custom_label_background":"#051e38","product_custom_label_2_background":"#2e9e7b","product_in_stock_text_color":"#2e9e7b","product_low_stock_text_color":"#de2b2b","heading_font":"futura_n3","heading_font_size":"medium","heading_text_transform":"uppercase","text_font":"din_next_n4","text_font_size":15,"stagger_products_apparition":true,"round_color_swatches":false,"show_vendor":false,"show_secondary_image":true,"product_color_display":"hide","product_image_size":"natural","cart_type":"drawer","cart_icon":"tote_bag","checkout_sidebar_background_color":"#f5f5f5","checkout_accent_color":"#051e38","checkout_button_color":"#051e38","checkout_error_color":"#de2a2a","accent_color":"#405de6","sections":{"announcement-bar":{"type":"announcement-bar","blocks":{"message-1":{"type":"message","settings":{}}},"block_order":["message-1"],"settings":{"announcement_bar_position":"non_sticky","announcement_text_size":"small","autoplay":true,"cycle_speed":5,"background":"#051e38","text_color":"#ffffff","button_background":"#ffffff","button_text_color":"#051e38"}},"header":{"type":"header","settings":{"enable_sticky_header":true,"navigation_menu":"main-menu","header_layout":"logo_center_navigation_inline","show_icons":true,"reduce_desktop_padding":false,"enable_transparent_header":true,"transparent_header_text_color":"#ffffff"}},"footer":{"type":"footer","blocks":{"text":{"type":"text","settings":{}},"links":{"type":"links","settings":{"menu":"footer"}},"newsletter":{"type":"newsletter","settings":{}},"social_media":{"type":"social_media","settings":{}}},"block_order":["text","links","newsletter","social_media"],"settings":{}}}}}}