{"sections":{"main":{"type":"main-not-found","settings":{}},"165121322406057440":{"type":"featured-collections","blocks":{"165121322422010ca3-0":{"type":"collection","settings":{"collection":"newly-launched","label":"","button_text":"","button_url":""}}},"block_order":["165121322422010ca3-0"],"settings":{"padding":"0","padding_desktop":"input","subheading":"","title":"Just Launched","content":"","products_count":50,"products_per_row":4,"stack_products":false,"show_cta":false,"background":"rgba(0,0,0,0)","text_color":"rgba(0,0,0,0)","button_background":"rgba(0,0,0,0)","button_text_color":"rgba(0,0,0,0)"}}},"order":["main","165121322406057440"]}