{"sections":{"collection-banner":{"type":"collection-banner","settings":{"show_collection_image":true,"show_collection_description":false,"section_height":"auto","text_width":"fill","image_text_color":"#ffffff","image_overlay_color":"#000000","image_overlay_opacity":0,"quick_links":""}},"164976650023729ba0":{"type":"custom-liquid","settings":{"subheading":"","title":"","liquid":"<style>\n.btn-danger {\n    background-color: #ff0000;\n\n    border-radius: 0;\n}\n<\/style>\n<div class=\"col-12 text-center p-4\"><a href=\"\/products\/rockerz-550\" target=\"_self\" class=\"btn btn-danger btn-lg\"><span class=\"\"><b>GRAB YOUR DISCOUNT NOW<\/b><\/span><\/a><\/div>","add_vertical_spacing":false,"background_type":"full_width","background":"rgba(0,0,0,0)","text_color":"rgba(0,0,0,0)"}},"main":{"type":"main-collection","settings":{"show_sort_by":true,"products_per_page":8,"mobile_products_per_row":"2","desktop_products_per_row":4,"show_filters":true,"show_filter_group_name":false,"show_color_swatch":true,"open_first_filter_group":false,"filter_position":"drawer","promotion_position":"top","promotion_height":"small"}},"collection-description":{"type":"collection-description","settings":{"show_collection_description":true}},"1649762599bd02b01f":{"type":"custom-liquid","settings":{"subheading":"","title":"","liquid":"<div data-pf-type=\"Column\" class=\"sc-cTkwdZ fFvlhF pf-4b38\"><h2 data-pf-type=\"Heading\" class=\"sc-lmoMRL giuwNB pf-555b\"><span data-pf-type=\"Text\" class=\"sc-kIeTtH cnxSGb pf-d010\">Terms &amp; Conditions<\/span><\/h2><p class=\"sc-lcujXC epPudT pf-2002\" data-pf-type=\"Paragraph\"><span data-pf-type=\"Text\" class=\"sc-kIeTtH cnxSGb pf-43e7\">1. This coupon code is applicable only on www.boat-lifestyle.com.\n<br>2. This coupon code is valid for redemption till 30th April 2021 only.\n<br>5. This coupon code is only valid once per user. \n<br>6. The offer is only valid only on Rockerz 550 on the boAt website.\n<br>7. If an order made with the coupon code is refunded, the refund value will not include the value of the coupon code.\n<br>8. Orders placed with this coupon code can only be exchanged with another piece of the same product in case a defective item is received. \n<br>9. This coupon code is not transferable, non-refundable and cannot be resold or redeemed for cash.\n<br>10. Transactions made with this coupon code cannot be modified or cancelled.&nbsp;<br><\/span><\/p><\/div>","add_vertical_spacing":true,"background_type":"full_width","background":"#000000","text_color":"rgba(0,0,0,0)"}},"1649763084aba5772f":{"type":"image-with-text-block","settings":{"reveal_on_scroll":true,"image":"shopify:\/\/shop_images\/pf-c9f2f7b2--Exchange-banner11170x370.webp","mobile_image":"shopify:\/\/shop_images\/pf-bfc9f2f7--Mobile375x470px.webp","alt_text":"","subheading":"","title":"","content":"","button_text":"","button_link":"","background_type":"full_width","text_position":"left","text_alignment":"center","text_background":"rgba(0,0,0,0)","text_color":"rgba(0,0,0,0)","button_background":"rgba(0,0,0,0)","button_text_color":"rgba(0,0,0,0)"}},"1649765219368877a3":{"type":"custom-liquid","settings":{"subheading":"","title":"","liquid":"<style>.shopify-section--custom-liquid {\n    background: #000;\n}\n<\/style><h1 style=\"text-align: center; padding:2rem 0;\"><b>Hurry, Offer Ends Soon!<br>Grab Your boAt Now<\/b><\/h1>","add_vertical_spacing":false,"background_type":"full_width","background":"rgba(0,0,0,0)","text_color":"rgba(0,0,0,0)"}}},"order":["collection-banner","164976650023729ba0","main","collection-description","1649762599bd02b01f","1649763084aba5772f","1649765219368877a3"]}