{"sections":{"collection-banner":{"type":"collection-banner","settings":{"show_collection_image":true,"show_collection_description":false,"section_height":"auto","text_width":"fill","image_text_color":"#ffffff","image_overlay_color":"#000000","image_overlay_opacity":0,"quick_links":""}},"1650792197e4ad1be8":{"type":"collection-offers","blocks":{"a08b2a29-0f89-48a1-b051-fe212758180f":{"type":"offers","settings":{"offer_image":"shopify:\/\/shop_images\/Pay-with-rewards_94f6eefb-811e-40b3-bf92-c0ac572cb2e8.png","offer_id":"rewards","offer-text":"Get Upto Rs 500 Cashback + Extra Savings with Rewards","offer-validity":"31st May 2022","terms":"<ul>\n                 <li>\n                    No Minimum order value\n                  <\/li>\n                  <li>\n                    Get Upto Rs 500 Cashback; Extra savings with Rewards is applicable on using Pay with Rewards on boAt.\n                  <\/li>\n                  <li>\n                    No promo code required\n                  <\/li>\n                  <li>Customers who are not enrolled on any of the associated loyalty programs on Pay with Rewards will not be eligible for the offer.<\/li>\n                  <li>\n                    Offer is valid from 23rd May 2022 00:01 AM to 31st May 2022 11:59 PM\n                  <\/li>\n <li>\n                    Cashback will be auto credited in Pay with Rewards within 24 hours of the transaction\n                  <\/li>\n<li>\n                    Offer applicable only on orders through boAt App, Website &amp; Msite.\n                  <\/li>\n<li>\n                    Twid and boAt reserves the right to withdraw, modify or replace this offer with another offer at any time without prior notice and the same is at the sole discretion of the company.\n                  <\/li>\n<li>\n                    This offer cannot be combined with any other payment offer.\n                  <\/li>\n<li>\n                    This Offer is conducted by Twidpay.\n                  <\/li>\n<li>\n                    By availing this offer, it is deemed that the customer has agreed to all the terms &amp; conditions mentioned herein.\n                  <\/li>\n                <\/ul>"}},"d71eb818-e4ef-4b5d-bf2d-df369beb12d0":{"type":"offers","settings":{"offer_image":"shopify:\/\/shop_images\/zest-Logo.jpg","offer_id":"zestmoney","offer-text":"Flat 10% cashback upto 500 INR","offer-validity":"31st May 2022","terms":"<ul>\n\n                <li>The offer is valid only for transactions made through the ZestMoney payment option at boAt website only<\/li>\n<li>No Coupon is required, pay through ZestMoney at the checkout and be eligible for the cashback.<\/li>\n<li>The cashback offer is valid from 18th May'22 to 31st May'22<\/li>\n<li>The cashback will be processed within 15 working days of first due date subject to no overdue<\/li>\n<li>Offer can be availed only once per user during the campaign period<\/li>\n\n<\/ul>"}},"3dd33fa4-b046-456f-be04-c3cc60580f1b":{"type":"offers","settings":{"offer_image":"shopify:\/\/shop_images\/Walnut369_Logo-Reverse_forLightBG_PDF_4x_aafc5a96-b7c9-423a-b640-8102adf490ac.jpg","offer_id":"walnut369","offer-text":"Get a cashback of 20% up to ₹500 with Walnut 369","offer-validity":"16th June 2022","terms":"<ul>\n                  <li>The customer, who is eligible for, can avail the cashback by choosing to pay with Walnut 369 at checkout.<\/li>\n<li>Once customer transacts via Walnut369, they will be eligible for cashback. Settlement of cashback will happen through a redemption link sent to the customer within 1-3 working days of the date of repayment of first EMI.<\/li>\n<li>Valid on all products on boAt above Rs. 1500 except when you use a Gift Card.<\/li>\n<li>The offer is valid for transactions using Walnut 369 from 16th May 2022, 12:00 am to 16 June 2022, 11:59 pm.<\/li> \n<li>Platforms valid on: Offer is valid on all transactions using Walnut 369 on website, iOS &amp; Android apps.<\/li>\n<li>This offer is valid for only the first transaction via Walnut369 transactions.<\/li>\n<li>The offer would not be applicable in case of cancelled\/ refunded transactions<\/li>\n<li>If the first EMI is not received the cashback will be withheld, and will only be processed once the repayment has been made from customer account.<\/li>\n<li>Capital Float has the right to amend the terms &amp; conditions, end the offer, or call back any or all its offers without prior notice.<\/li>\n<li>Capital Float reserves the right of final decision on the interpretation of these Terms &amp; Conditions, in case of disputes. For Walnut 369 related Terms &amp; Conditions, please refer <a href=\"https:\/\/capitalfloat.com\/terms-conditions\/\">https:\/\/capitalfloat.com\/terms-conditions\/<\/a>\n<\/li>\n<li>Capital Float reserves the right to employ reasonable technological and other methods to prevent abuse of the offer terms.<\/li>\n<li>Capital Float is the trade name of CapFloat Financial Services Pvt. Ltd, an NBFC registered with the RBI.<\/li>\n<li>Walnut 369 is a product of Capital Float.<\/li>\n\n                <\/ul>"}},"3d745d75-c77c-4779-8789-29955ba8746f":{"type":"offers","settings":{"offer_image":"shopify:\/\/shop_images\/Ola_money.jpg","offer_id":"olamoney","offer-text":"Flat 10% cashback on transaction up to ₹750","offer-validity":"30th June 2022","terms":"<ul>\n                  <li>\n                    Offer is applicable on the first ever transaction on boAt using OlaMoney Postpaid+\n                  <\/li>\n                  <li>\n                    Offer is valid from: 1st Apr'22 to 30th Jun'22\n                  <\/li>\n                  <li>Offer is valid for OlaMoney Postpaid+ active users only.<\/li>\n                  <li>\n                    Min txn value: 499\n                  <\/li>\n                  <li>\n                    Offer is not applicable for postpaid plus users who have not cleared dues beyond their due dates.\n                  <\/li>\n                    <li>\n                   Offer is exclusive to you and intended for your use only. \n                  <\/li>\n                  <li>\n                   Cashback will be credited within 10 working days to your active OlaMoney Postpaid+ or Wallet account. \n                  <\/li>\n                  <li>\n                   Cashback will not be applicable on EMI transaction on OlaMoney Postpaid+ \n                  <\/li>\n                <\/ul>"}},"7221eff7-f2b0-4a14-ac75-ab1f1d723e20":{"type":"offers","settings":{"offer_image":"shopify:\/\/shop_images\/Mobikwik_3e9cbbd3-abb1-42cc-b4b4-68112a094cd2.png","offer_id":"mobikwik","offer-text":"Get flat Rs 50\/- cashback","offer-validity":"31st May 2022","terms":"<ul>\n                 <li>Get up to Rs.100 Cashback on boAt!<\/li>\n<li>Minimum assured cashback that can be availed is Rs.50<\/li>\n<li>Minimum transaction amount via MobiKwik to avail the offer is Rs.799\/- and above<\/li>\n<li>Offer validity period: 1st to 31st May 2022<\/li>\n<li>Offer can be availed once during the offer period<\/li>\n<li>Offer valid on MobiKwik wallet Payment at boAt online platform<\/li>\n<li>Cashback will be credited within 48 hours<\/li>\n<li>Both boAt &amp; MobiKwik reserve the right to cancel\/change\/modify\/add\/delete any of the terms and conditions of the offer at any time without prior notice<\/li>\n<li>If the order is cancelled at boAt's end, boAt (not MobiKwik) will initiate a refund<\/li>\n<li>After the refund is initiated, amount will be credited back to wallet within 7-10 days<\/li>\n                <\/ul>"}}},"block_order":["a08b2a29-0f89-48a1-b051-fe212758180f","d71eb818-e4ef-4b5d-bf2d-df369beb12d0","3dd33fa4-b046-456f-be04-c3cc60580f1b","3d745d75-c77c-4779-8789-29955ba8746f","7221eff7-f2b0-4a14-ac75-ab1f1d723e20"],"settings":{}},"main":{"type":"main-collection","settings":{"show_sort_by":true,"products_per_page":8,"mobile_products_per_row":"2","desktop_products_per_row":4,"show_filters":true,"show_filter_group_name":false,"show_color_swatch":true,"open_first_filter_group":false,"filter_position":"drawer","promotion_position":"top","promotion_height":"small"}},"collection-description":{"type":"collection-description","settings":{"show_collection_description":true}}},"order":["collection-banner","1650792197e4ad1be8","main","collection-description"]}