{"sections":{"collection-banner":{"type":"collection-banner","settings":{"show_collection_image":true,"show_collection_description":false,"section_height":"auto","text_width":"fill","image_text_color":"#ffffff","image_overlay_color":"#000000","image_overlay_opacity":0,"quick_links":""}},"main":{"type":"main-collection","settings":{"show_sort_by":true,"products_per_page":8,"mobile_products_per_row":"2","desktop_products_per_row":4,"show_filters":true,"show_filter_group_name":false,"show_color_swatch":true,"open_first_filter_group":false,"filter_position":"drawer","promotion_position":"top","promotion_height":"small"}},"collection-description":{"type":"collection-description","settings":{"show_collection_description":true}},"1649762599bd02b01f":{"type":"custom-liquid","settings":{"subheading":"","title":"","liquid":"<div data-pf-type=\"Column\" class=\"sc-oeezt OJJCp pf-7_\"><h2 data-pf-type=\"Heading\" class=\"sc-gXfVKN hOTIIO pf-8_\"><span data-pf-type=\"Text\" class=\"sc-eGJWMs gQYBcx pf-10_\">Terms &amp; Conditions<\/span><\/h2><p class=\"sc-TtZnY fPBQTR pf-11_\" data-pf-type=\"Paragraph\"><span data-pf-type=\"Text\" class=\"sc-eGJWMs gQYBcx pf-13_\">1. Vouchers from the Google Pay app will only be applicable on the products curated in this collection. The voucher will not be applicable on other products on the boAt website. \n<br>2. The Voucher is only valid once per user.<br>3. Transactions made with the Voucher cannot be modified or cancelled. \n<br>4. If an order made with the Voucher is refunded, the refund value will not include the value of the Voucher code.\n<br>5. Orders placed with this Voucher can only be exchanged with another piece of the same product in case a defective item is received.\n<br>6. Offer valid on products only till stocks last.&nbsp;<\/span><\/p><\/div>","add_vertical_spacing":true,"background_type":"full_width","background":"#000000","text_color":"rgba(0,0,0,0)"}},"1649763084aba5772f":{"type":"image-with-text-block","settings":{"reveal_on_scroll":true,"image":"shopify:\/\/shop_images\/pf-c9f2f7b2--Exchange-banner11170x370.webp","mobile_image":"shopify:\/\/shop_images\/pf-bfc9f2f7--Mobile375x470px.webp","alt_text":"","subheading":"","title":"","content":"","button_text":"","button_link":"","background_type":"full_width","text_position":"left","text_alignment":"center","text_background":"rgba(0,0,0,0)","text_color":"rgba(0,0,0,0)","button_background":"rgba(0,0,0,0)","button_text_color":"rgba(0,0,0,0)"}},"1649765219368877a3":{"type":"custom-liquid","settings":{"subheading":"","title":"","liquid":"<style>.shopify-section--custom-liquid {\n    background: #000;\n}\n<\/style><h1 style=\"text-align: center; padding:2rem 0;\">Hurry, Offer Ends Soon!<br>Grab Your boAt Now<\/h1>","add_vertical_spacing":false,"background_type":"full_width","background":"rgba(0,0,0,0)","text_color":"rgba(0,0,0,0)"}}},"order":["collection-banner","main","collection-description","1649762599bd02b01f","1649763084aba5772f","1649765219368877a3"]}