{"sections":{"collection-banner":{"type":"collection-banner","settings":{"show_collection_image":true,"show_collection_description":false,"section_height":"auto","text_width":"fill","image_text_color":"#ffffff","image_overlay_color":"#000000","image_overlay_opacity":0,"quick_links":""}},"main":{"type":"main-collection","settings":{"show_sort_by":true,"products_per_page":8,"mobile_products_per_row":"2","desktop_products_per_row":4,"show_filters":true,"show_filter_group_name":false,"show_color_swatch":true,"open_first_filter_group":true,"filter_position":"drawer","promotion_position":"top","promotion_height":"small"}},"collection-description":{"type":"collection-description","settings":{"show_collection_description":true}}},"order":["collection-banner","main","collection-description"]}