{"sections":{"1651730586d979c74a":{"type":"top-navigation-box","blocks":{"1651730586d11218b0-0":{"type":"image","settings":{"image":"shopify:\/\/shop_images\/900x1100_AD-131_150x_1c73f1e3-927d-44c9-b548-419785420aa4.png","imageUrl":"shopify:\/\/collections\/true-wireless-earbuds","collection_Title":"Airdopes"}},"017aab0e-c0a1-489a-bf79-999cdaf62bcc":{"type":"image","settings":{"image":"shopify:\/\/shop_images\/Rockerz-255-pro_150x_c091c05f-bb9c-4d5a-ac23-d1581bf1e2ca.png","imageUrl":"shopify:\/\/collections\/bluetooth-wireless-headphones","collection_Title":"Rockerz"}},"487a04b0-8a8a-4356-852e-6009372badd3":{"type":"image","settings":{"image":"shopify:\/\/shop_images\/Stone-1200_150x_b9722efb-6f67-4b9b-85c9-d184d05b4933.png","imageUrl":"shopify:\/\/collections\/bluetooth-speakers","collection_Title":"Speakers"}},"c5cb1f67-24f0-40ec-a99c-3a639707c330":{"type":"image","settings":{"image":"shopify:\/\/shop_images\/900x1100_Watch_150x_0315b8d7-2295-44fa-9298-e10766637292.png","imageUrl":"shopify:\/\/collections\/smart-watches","collection_Title":"Smartwatches"}}},"block_order":["1651730586d11218b0-0","017aab0e-c0a1-489a-bf79-999cdaf62bcc","487a04b0-8a8a-4356-852e-6009372badd3","c5cb1f67-24f0-40ec-a99c-3a639707c330"],"settings":{}},"165034827191528abd":{"type":"bootstrap-carousel","blocks":{"15f4203d-314c-44a7-8a47-7171265a8001":{"type":"slideshow","settings":{"desktop_image":"shopify:\/\/shop_images\/WEB-2.jpg","mobile_image":"shopify:\/\/shop_images\/MOB-2.jpg","slide_url":"shopify:\/\/products\/boat-airdopes-175","show_timer":false,"end_date":""}},"68576f6c-ba80-471b-b629-7f6fabb0e291":{"type":"slideshow","settings":{"desktop_image":"shopify:\/\/shop_images\/Sail_with_boAt_WEB_2000x_425e0410-213e-439e-83bc-e1db36d8215e.png","mobile_image":"shopify:\/\/shop_images\/TAKE-IT-MOB.png","slide_url":"https:\/\/www.boat-lifestyle.com\/collections\/daily-deals","show_timer":false,"end_date":""}},"314b9c7e-0e9d-4e40-b93a-23899483d32a":{"type":"slideshow","settings":{"desktop_image":"shopify:\/\/shop_images\/web-115.png","mobile_image":"shopify:\/\/shop_images\/mob-115.png","slide_url":"shopify:\/\/products\/airdopes-115-wireless-bluetooth-earbuds","show_timer":false,"end_date":""}},"22dc7c24-24bb-4d55-b9ed-6836a72bf911":{"type":"slideshow","settings":{"desktop_image":"shopify:\/\/shop_images\/Watch_xtend_wbann_1.png","mobile_image":"shopify:\/\/shop_images\/Watch_xtend_mob_1.png","slide_url":"https:\/\/www.boat-lifestyle.com\/products\/watch-xtend","show_timer":false,"end_date":""}}},"block_order":["15f4203d-314c-44a7-8a47-7171265a8001","68576f6c-ba80-471b-b629-7f6fabb0e291","314b9c7e-0e9d-4e40-b93a-23899483d32a","22dc7c24-24bb-4d55-b9ed-6836a72bf911"],"settings":{"show_popup":false,"banner_number":""}},"16476190692baa7210":{"type":"featured-collections","blocks":{"1647619069546f6ec0-0":{"type":"collection","settings":{"collection":"top-hits","label":"","button_text":"","button_url":""}},"6637483e-42f7-4f4d-b778-71b95f599b13":{"type":"collection","settings":{"collection":"top-smart-watches","label":"","button_text":"","button_url":""}}},"block_order":["1647619069546f6ec0-0","6637483e-42f7-4f4d-b778-71b95f599b13"],"settings":{"padding":"","padding_desktop":"0","subheading":"","title":"Top Sellers","content":"","products_count":8,"products_per_row":4,"stack_products":false,"show_cta":false,"background":"#252525","text_color":"rgba(0,0,0,0)","button_background":"rgba(0,0,0,0)","button_text_color":"rgba(0,0,0,0)"}},"1649749253ac1807bc":{"type":"featured-collections","blocks":{"b4c4589d-58cc-4f7f-b128-14c5df08e038":{"type":"collection","settings":{"collection":"top-earbuds","label":"Earbuds","button_text":"","button_url":""}},"9e86aefa-7e67-4fb1-aff3-1d9c648d080e":{"type":"collection","settings":{"collection":"top-wireless","label":"Wireless","button_text":"","button_url":""}},"1649749253ba9141ed-0":{"type":"collection","settings":{"collection":"top-wired","label":"Wired","button_text":"","button_url":""}}},"block_order":["b4c4589d-58cc-4f7f-b128-14c5df08e038","9e86aefa-7e67-4fb1-aff3-1d9c648d080e","1649749253ba9141ed-0"],"settings":{"padding":"1rem 0 0","padding_desktop":"0","subheading":"","title":"Trending Earphones","content":"","products_count":8,"products_per_row":4,"stack_products":false,"show_cta":false,"background":"rgba(0,0,0,0)","text_color":"rgba(0,0,0,0)","button_background":"rgba(0,0,0,0)","button_text_color":"rgba(0,0,0,0)"}},"1648797679c1ef7c20":{"type":"new-launches","blocks":{"ad17efe2-69c4-4149-8fe7-d57c733737c2":{"type":"new-launches-home","settings":{"product_new_launches":"boat-airdopes-175","alt_imgtext":"Airdopes 175","product_category":"Wireless Earbuds","sale_price_checkbox":true,"sale_price":"1699","product_desc":"Experience calling like never before with Airdopes 175 that sends across your voice without ambient disturbances via quad mics with ENx™️ Technology. Immerse in the sound of 10mm drivers for 35 hours straight with its massive battery backup. Experience the best sound!","feature_1":"Quad Mics with ENx™️ Technology","feature_2":"10mm Drivers","feature_3":"35 Hours of Total Playback","feature_4":"","feature_5":""}},"b6a6576c-d15f-4fb8-898f-8db4a6da642b":{"type":"new-launches-home","settings":{"product_new_launches":"airdopes-115-wireless-bluetooth-earbuds","alt_imgtext":"Airdopes 115","product_category":"wireless earbuds","sale_price_checkbox":false,"sale_price":"1599","product_desc":"Sit tight and let Airdopes 115 take you out on a bombastic ride! Its 13mm drivers and thumping bass makes your playlist sound better than ever. Make every victory yours with its BEAST™ Mode & crystal clear communication with ENx™ Tech. Slay every move with Airdopes 115.","feature_1":"13mm Drivers","feature_2":"BEAST™ Mode","feature_3":"ENx™ Technology ","feature_4":"","feature_5":""}},"7838bcc4-407e-47f9-aad8-4b8961aabf32":{"type":"new-launches-home","settings":{"product_new_launches":"airdopes-500-anc","alt_imgtext":"Airdopes 500 ANC","product_category":"wireless earbuds","sale_price_checkbox":true,"sale_price":"3999","product_desc":"Focus on what matters with Airdopes 500 ANC that helps you tap out of chaos. Block unwanted background noise up to 35dB with its Hybrid Active Noise Cancellation. Make your calls crystal clear with the power of Quad Mics and ENx™ Technology. With a promising 28 HRS of playback, it is time to listen to the #SoundThatMatters with Airdopes 500 ANC.","feature_1":"Active Noise Cancellation","feature_2":"8mm Drivers","feature_3":"Beast Mode for Gaming","feature_4":"","feature_5":""}}},"block_order":["ad17efe2-69c4-4149-8fe7-d57c733737c2","b6a6576c-d15f-4fb8-898f-8db4a6da642b","7838bcc4-407e-47f9-aad8-4b8961aabf32"],"settings":{"padding":"0 0 -2rem","padding_desktop":"0 0 -2rem","title":"New Launches"}},"1651215709b0581350":{"type":"featured-collections","blocks":{"16512157097fcb7c70-0":{"type":"collection","settings":{"collection":"bluetooth-wireless-headphones","label":"Wireless","button_text":"","button_url":""}},"9cb61335-ee2e-4f01-9d25-dd59e34bc113":{"type":"collection","settings":{"collection":"noise-cancelling-headphones-earbuds","label":"ANC","button_text":"","button_url":""}},"83d0fabb-6c59-492a-85d0-a4aaeadb105d":{"type":"collection","settings":{"collection":"wired-headphones","label":"Wired","button_text":"","button_url":""}}},"block_order":["16512157097fcb7c70-0","9cb61335-ee2e-4f01-9d25-dd59e34bc113","83d0fabb-6c59-492a-85d0-a4aaeadb105d"],"settings":{"padding":"0","padding_desktop":"","subheading":"","title":"Trending Headphones","content":"","products_count":8,"products_per_row":4,"stack_products":false,"show_cta":false,"background":"rgba(0,0,0,0)","text_color":"rgba(0,0,0,0)","button_background":"rgba(0,0,0,0)","button_text_color":"rgba(0,0,0,0)"}},"165175307175859d52":{"type":"image-with-text","disabled":true,"blocks":{"1651753071992b6a2c-0":{"type":"item","settings":{"image":"shopify:\/\/shop_images\/Watch_Wave_Pro.jpg","alt_text":"","tab_label":"Item","subheading":"Subheading","title":"Image with text","content":"<p>Use image with text to give your customers insight into your brand. Select imagery and text that relates to your style and story.<\/p>","button_text":"","button_link":""}}},"block_order":["1651753071992b6a2c-0"],"settings":{"reveal_on_scroll":true,"background_type":"full_width","background_overlap":"image","image_position":"left","text_alignment":"center","cycle_speed":8,"accent_background":"rgba(0,0,0,0)","text_color":"rgba(0,0,0,0)","button_background":"rgba(0,0,0,0)","button_text_color":"rgba(0,0,0,0)"}},"165121598387e84691":{"type":"featured-collections","blocks":{"16512159835808a562-0":{"type":"collection","settings":{"collection":"immortal-gaming","label":"","button_text":"","button_url":""}}},"block_order":["16512159835808a562-0"],"settings":{"padding":"0 0 4rem","padding_desktop":"","subheading":"","title":"Gaming","content":"","products_count":8,"products_per_row":4,"stack_products":false,"show_cta":false,"background":"rgba(0,0,0,0)","text_color":"rgba(0,0,0,0)","button_background":"rgba(0,0,0,0)","button_text_color":"rgba(0,0,0,0)"}},"1649068339e13b5dfc":{"type":"collection-list","disabled":true,"blocks":{"16490683396a0bcf2d-0":{"type":"collection","settings":{"collection":"true-wireless-earbuds","image":"shopify:\/\/shop_images\/airdopes_00928336-2ea2-4193-ab4b-820ddc62b902.png","mobile_image":"shopify:\/\/shop_images\/1_f7971244-8590-4d25-9c97-bce905829621.png","alt_imgtext":"","subheading":"","title":"","link_text":"","link_url":"","text_color":"rgba(0,0,0,0)","overlay_color":"#000000","overlay_opacity":0}},"16490683396a0bcf2d-1":{"type":"collection","settings":{"collection":"bluetooth-wireless-headphones","image":"shopify:\/\/shop_images\/Rockerz_c78a9a09-1d9c-45f9-93fd-445e9fc361b1.png","mobile_image":"shopify:\/\/shop_images\/2_80bff25e-2b79-42fc-a8e3-0f9469e88524.png","alt_imgtext":"","subheading":"","title":"","link_text":"","link_url":"","text_color":"rgba(0,0,0,0)","overlay_color":"#000000","overlay_opacity":30}},"16490683396a0bcf2d-2":{"type":"collection","settings":{"collection":"wired-headphones","image":"shopify:\/\/shop_images\/bassheads_e1412b97-84a1-422f-b8c4-923523bdffaa.png","mobile_image":"shopify:\/\/shop_images\/3_b47bb84b-8cd0-4f4a-a423-2313ecb32d7a.png","alt_imgtext":"","subheading":"","title":"","link_text":"","link_url":"","text_color":"rgba(0,0,0,0)","overlay_color":"#000000","overlay_opacity":30}},"16490683396a0bcf2d-3":{"type":"collection","settings":{"collection":"smart-watches","image":"shopify:\/\/shop_images\/Smart-watch.png","mobile_image":"shopify:\/\/shop_images\/4_7d874602-0167-4174-b672-88fc4a95d5b4.png","alt_imgtext":"","subheading":"","title":"","link_text":"","link_url":"","text_color":"rgba(0,0,0,0)","overlay_color":"#000000","overlay_opacity":30}}},"block_order":["16490683396a0bcf2d-0","16490683396a0bcf2d-1","16490683396a0bcf2d-2","16490683396a0bcf2d-3"],"settings":{"reveal_on_scroll":true,"layout":"grid","subheading":"","title":"Top Categories","background":"#000000","text_color":"rgba(0,0,0,0)"}},"timeline":{"type":"timeline","disabled":true,"blocks":{"item-3":{"type":"item","settings":{"image":"shopify:\/\/shop_images\/Best-of-boAt_c99521c0-e60a-41d1-bdd7-02d75f5738f6.png","icon_1":"shopify:\/\/shop_images\/icon_1.png","icon_desc_1":"1.69 Inch HD Display","icon_2":"shopify:\/\/shop_images\/icon_2.png","icon_desc_2":"Multiple Sports Mode","icon_desc_3":"","label":"Smart Watches","title":"Watch Wave Pro","content":"<p>Shout out to all the cricket lovers. Cheer for your home team as you stay updated about the scores right from your wrist with Watch Wave Pro.<\/p>","button_text":"Explore More","button_link":"shopify:\/\/products\/watch-wave-pro"}},"item-2":{"type":"item","settings":{"image":"shopify:\/\/shop_images\/WhatsApp_Image_2022-04-08_at_3.32.09_PM_1.jpg","icon_1":"shopify:\/\/shop_images\/icon-battery.png","icon_desc_1":"Upto 30 Hrs Playback","icon_2":"shopify:\/\/shop_images\/icon-asap.png","icon_desc_2":"ASAP Charge","icon_desc_3":"","label":"Rockerz","title":"Rockerz 330","content":"<p>Let's drench in music and experience every beat differently. Powered with boAt Signature Sound, Rockerz 330 is here to get you grooving to a thumping bass designed only for audiophiles!<\/p>","button_text":"Explore More","button_link":"shopify:\/\/products\/rockerz-330"}}},"block_order":["item-3","item-2"],"settings":{"subheading":"","title":"Best of bo<span class=\"text-red\">A<\/span>t","text_position":"middle","background":"rgba(0,0,0,0)","text_color":"rgba(0,0,0,0)","item_background":"#ffffff","item_text_color":"#000000"}},"blog-posts":{"type":"blog-posts","disabled":true,"settings":{"blog":"blog","subheading":"","title":"boAt Blogs","articles_count":3,"stack_mobile":false,"show_category":false,"show_excerpt":false,"background":"#c3c3c3","text_color":"#ffffff"}},"16506176903b4a428e":{"type":"featured-blog","settings":{"title":"Blog posts","blog":"blog","pillar_image":"shopify:\/\/shop_images\/Earphone_1296x_540x_25759241-1386-4661-bec0-bad7c111178f.png","pillar_title":"Earphones Buying Guide - Everything You Need To Know","pillar_url":"https:\/\/www.boat-lifestyle.com\/blogs\/blog\/earphones-buying-guide-everything-you-need-to-know-before-buying-the-right-pair","pillar_image_2":"shopify:\/\/shop_images\/Main-banner_520x500_540x_d7c9944e-0985-498b-9a89-3a54d32c9dd2.png","pillar_title_2":"The Ultimate Smartwatch Guide - Get The World On Your Wrist","pillar_url_2":"https:\/\/www.boat-lifestyle.com\/blogs\/blog\/the-ultimate-smartwatch-guide-get-the-world-on-your-wrist","show_date":false,"show_author":false,"show_featured_image":true,"crop_image":false,"crop_style":"16-9"}},"shop-the-look":{"type":"shop-the-look","disabled":true,"blocks":{"look-1":{"type":"look","settings":{"image":"shopify:\/\/shop_images\/2_358c996a-0b82-422b-ae5b-e1defdcebc01.jpg","mobile_image":"shopify:\/\/shop_images\/stone180.jpg","dot_type":"inverted","product_1":"stone-180","product_1_horizontal_position":47,"product_1_vertical_position":53,"product_1_horizontal_position_mobile":43,"product_1_vertical_position_mobile":56,"product_2":"","product_2_horizontal_position":47,"product_2_vertical_position":64,"product_2_horizontal_position_mobile":50,"product_2_vertical_position_mobile":50,"product_3":"","product_3_horizontal_position":62,"product_3_vertical_position":50,"product_3_horizontal_position_mobile":70,"product_3_vertical_position_mobile":70}},"ba3d0fb1-9df4-44b5-a273-65df63dbdae2":{"type":"look","settings":{"image":"shopify:\/\/shop_images\/1_00a0ae7b-3930-4e37-aa7f-8f5114976667.jpg","mobile_image":"shopify:\/\/shop_images\/AD441_d5872629-ef28-4a02-a71d-d1454855415d.jpg","dot_type":"inverted","product_1":"airdopes-441","product_1_horizontal_position":43,"product_1_vertical_position":29,"product_1_horizontal_position_mobile":65,"product_1_vertical_position_mobile":54,"product_2":"","product_2_horizontal_position":50,"product_2_vertical_position":50,"product_2_horizontal_position_mobile":50,"product_2_vertical_position_mobile":50,"product_3":"","product_3_horizontal_position":70,"product_3_vertical_position":70,"product_3_horizontal_position_mobile":70,"product_3_vertical_position_mobile":70}}},"block_order":["look-1","ba3d0fb1-9df4-44b5-a273-65df63dbdae2"],"settings":{"reveal_on_scroll":true,"label":"Shop the looks"}},"1649320134cdf7f6f8":{"type":"custom-gallery","blocks":{"1649320134ed9a3533-0":{"type":"image","settings":{"image":"shopify:\/\/shop_images\/Fierce_-Flamboyant_-Fearless_jpg.jpg","caption":"","short_caption":"K L Rahul","catchy_line":"Fierce. Flamboyant. Fearless.","description":"When you hear the crowd roar, be assured that it’s KL Rahul making his way to the field. Our hardcore boAthead, KL Rahul, hits it with his performance as well as his fashion statement. On or off field, Rahul always makes #MoveOfTheChampions."}},"1649320134ed9a3533-1":{"type":"image","settings":{"image":"shopify:\/\/shop_images\/Radiant_-Rebel_-Trailblazer_jpg.jpg","caption":"","short_caption":"Rashmika Mandanna","catchy_line":"Radiant. Rebel. Trailblazer.","description":"The Queen of sass & hearts, Rashmika Mandanna is the newly on-board boAthead. Do you know what our boAthead Rashmika & boAt have in common? They both leave you speechless with their mind-boggling performance."}},"1649320134ed9a3533-2":{"type":"image","settings":{"image":"shopify:\/\/shop_images\/Bold_-Fashionista_-Hustler_jpg.jpg","caption":"","short_caption":"Kiara Advani","catchy_line":"Bold. Fashionista. Hustler.","description":"A powerhouse who doesn’t believe in backing down - Kiara is a fierce hustler. No wonder why Kiara is our passionate boAthead. The hustler in her has gotten the whole film industry on its toes. So rock your style as you hustle to the top just like the boAt & Kiara way!"}},"20c018bf-1799-49f1-b7c0-454486709703":{"type":"image","settings":{"image":"shopify:\/\/shop_images\/Energetic_-Charming_-Free-Spirit_jpg.jpg","caption":"","short_caption":"Kartik Aaryan","catchy_line":"Energetic. Charming. Free Spirit.","description":"The cool & confident Kartik Aaryan adds a pinch of sass to the boAthead tribe. His energetic aura suits the boAt vibe just perfectly. So get ready to immerse yourself in surreal sound & experience magic the boAt way!"}}},"block_order":["1649320134ed9a3533-0","1649320134ed9a3533-1","1649320134ed9a3533-2","20c018bf-1799-49f1-b7c0-454486709703"],"settings":{"subheading":"","title":"","show_arrows":true,"background":"rgba(0,0,0,0)","text_color":"rgba(0,0,0,0)"}},"1649407041c0826c66":{"type":"reviews","blocks":{"164940704132a7df6c-0":{"type":"image","settings":{"width":"third","image":"shopify:\/\/shop_images\/testi-1200.png","link_url":"shopify:\/\/products\/stone-1200","text":"\"It is value for money, best sound especially bass\"","subtext":"","overlay_color":"#ffffff","overlay_bg":"rgba(0,0,0,0)"}},"5b4b7a65-d46b-4948-8fd8-03b56ae8dce6":{"type":"image","settings":{"width":"third","image":"shopify:\/\/shop_images\/testimonial-img-2.png","link_url":"shopify:\/\/products\/boat-rockerz-255-pro-plus","text":"\"The battery backup is something unbelievable\"","subtext":"","overlay_color":"#ffffff","overlay_bg":"rgba(0,0,0,0)"}},"15cf0e5a-2205-4cfb-873c-23d231fc7d6a":{"type":"image","settings":{"width":"third","image":"shopify:\/\/shop_images\/testimonial-img-3.png","link_url":"shopify:\/\/products\/airdopes-381","text":"\"Amazing product great sound quality and the mic performance is also awesome\"","subtext":"","overlay_color":"#ffffff","overlay_bg":"rgba(0,0,0,0)"}}},"block_order":["164940704132a7df6c-0","5b4b7a65-d46b-4948-8fd8-03b56ae8dce6","15cf0e5a-2205-4cfb-873c-23d231fc7d6a"],"settings":{"alignment":"middle"}},"16476194914dad6aa9":{"type":"press","blocks":{"1647619491c384cf60-0":{"type":"item","settings":{"logo":"shopify:\/\/shop_images\/mint_0566185f-75d7-4819-a2a2-e2acc4535e78.png","logo_width":100,"content":"Warburg invests $100 mn in boAt"}},"cfc72dce-985e-40f4-ba2f-01ae5e50449b":{"type":"item","settings":{"logo":"shopify:\/\/shop_images\/Forbes_1_641a219a-af36-45ee-8d3b-90ca148056c1.png","logo_width":100,"content":"How India's boAt became the fifth largest wearable brand in the world"}},"41a0d84c-dbd7-40af-b41b-f989b27a66ca":{"type":"item","settings":{"logo":"shopify:\/\/shop_images\/techradar_1_ba476d16-16de-4a29-baa2-537f33fc7f88.png","logo_width":100,"content":"The Airdopes 441 is sweat proof and packs in crisp audio. Great for fitness enthusiasts."}},"db92caab-28d0-41c1-9a7c-fd8cde0b8faa":{"type":"item","settings":{"logo":"shopify:\/\/shop_images\/ET_1_9f80aa59-c905-4886-b75f-5b96808f2903.png","logo_width":100,"content":"IPL 2020: boAt becomes the official audio partner for six teams"}},"9f95b30d-8592-453e-bde7-5af027295d3d":{"type":"item","settings":{"logo":"shopify:\/\/shop_images\/gadgets360_1_6a0c2c78-109a-4cbc-be58-05b893a41d4a.png","logo_width":150,"content":"TWS Earbuds Shipments in India Up 723 Percent YoY in Q3, Boat Emerged as Leading Player: Counterpoint"}}},"block_order":["1647619491c384cf60-0","cfc72dce-985e-40f4-ba2f-01ae5e50449b","41a0d84c-dbd7-40af-b41b-f989b27a66ca","db92caab-28d0-41c1-9a7c-fd8cde0b8faa","9f95b30d-8592-453e-bde7-5af027295d3d"],"settings":{"reveal_on_scroll":true,"background":"rgba(0,0,0,0)","text_color":"rgba(0,0,0,0)"}},"image-with-text-block":{"type":"image-with-text-block","settings":{"reveal_on_scroll":true,"image":"shopify:\/\/shop_images\/Fotter-Awards_11-02-2022_5d6a9e4a-d3d4-434b-8846-4403e92c3573.png","mobile_image":"shopify:\/\/shop_images\/fotter-awards-mob.png","alt_text":"","subheading":"","title":"","content":"","button_text":"","button_link":"","background_type":"full_width","text_position":"left","text_alignment":"center","text_background":"rgba(0,0,0,0)","text_color":"rgba(0,0,0,0)","button_background":"rgba(0,0,0,0)","button_text_color":"rgba(0,0,0,0)"}},"1651217767ec37c46f":{"type":"custom-html","settings":{"subheading":"","title":"Brand Promise","html":"<style>\n      .myIcon img {\n        max-height: 40px;\n      }\n      .col-md-8.myText p {\n        line-height: 1.2;\n      }\n      .col-md-8.myText {\n        padding-top: 8px;\n      }\n      .shopify-section.shopify-section--custom-html .section {\n        margin-bottom: 0;\n        padding-bottom: 32px;\n      }\n    <\/style>\n    <div class=\"mySect\" style=\"background: #141414\">\n      <div class=\"img-row text-center row\" style=\"\n          background: #141414;\n          padding: 0 0 20px;\n          max-width: 901px;\n          margin: auto;\n        \">\n        <div class=\"col-4\">\n          <div class=\"row myIconRow\">\n            <div class=\"col-md-4 myIcon\">\n              <img alt=\"Free Shipping\" loading=\"lazy\" src=\"https:\/\/cdn.shopify.com\/s\/files\/1\/0057\/8938\/4802\/files\/group_186_3x_4616a7a4-8c24-4065-a237-54e3d574bb94.png?v=1611132367\">\n            <\/div>\n            <div class=\"col-md-8 myText\">\n              <p class=\"mb-0\">Free Shipping<\/p>\n            <\/div>\n          <\/div>\n        <\/div>\n        <div class=\"col-4\">\n          <div class=\"row myIconRow\">\n            <div class=\"col-md-4 myIcon\">\n              <img alt=\"Exclusive Deals\" loading=\"lazy\" src=\"https:\/\/cdn.shopify.com\/s\/files\/1\/0057\/8938\/4802\/files\/vector_3x_50a1233e-95d9-4e18-9e8e-757b545e2c06.png?v=1611132367\">\n            <\/div>\n            <div class=\"col-md-8 myText\">\n              <p class=\"mb-0\">Exclusive Deals<\/p>\n            <\/div>\n          <\/div>\n        <\/div>\n        <div class=\"col-4\">\n          <div class=\"row myIconRow\">\n            <div class=\"col-md-4 myIcon\">\n              <img alt=\"Secure Checkout\" loading=\"lazy\" src=\"https:\/\/cdn.shopify.com\/s\/files\/1\/0057\/8938\/4802\/files\/vector_2_2x_9d5071e2-154a-4f06-b660-9d0430a18248.png?v=1611132367\">\n            <\/div>\n            <div class=\"col-md-8 myText\">\n              <p class=\"mb-0\">Secure Checkout<\/p>\n            <\/div>\n          <\/div>\n        <\/div>\n      <\/div>\n    <\/div>","add_vertical_spacing":true,"background_type":"full_width","background":"rgba(0,0,0,0)","text_color":"rgba(0,0,0,0)"}},"1652864373b6ed9a96":{"type":"firework-embed","disabled":true,"settings":{"layout":"carousel","channel":"boat_1","playlist":"5m1nb5","hashtag":"","size":"large","player_placement":"bottom-right","open_in":"_modal","floating_button_cta_text":"","floating_button_cta_link":"","vertical_offset":0,"horzontal_offset":0,"pip":true}}},"order":["1651730586d979c74a","165034827191528abd","16476190692baa7210","1649749253ac1807bc","1648797679c1ef7c20","1651215709b0581350","165175307175859d52","165121598387e84691","1649068339e13b5dfc","timeline","blog-posts","16506176903b4a428e","shop-the-look","1649320134cdf7f6f8","1649407041c0826c66","16476194914dad6aa9","image-with-text-block","1651217767ec37c46f","1652864373b6ed9a96"]}