{"sections":{"main":{"type":"main-list-collections","blocks":{"51e2e50f-106b-465f-b455-4c58ef73eb0a":{"type":"collection","settings":{"collection":"true-wireless-earbuds","text_color":"rgba(0,0,0,0)","overlay_color":"#000000","overlay_opacity":30}},"ff591fa2-aa4b-4625-8b73-f47148a2bf2b":{"type":"collection","settings":{"collection":"bluetooth-wireless-headphones","text_color":"rgba(0,0,0,0)","overlay_color":"#000000","overlay_opacity":30}},"8bfdffbb-35b5-4f99-9890-a7ba3657e28d":{"type":"collection","settings":{"collection":"wired-headphones","text_color":"rgba(0,0,0,0)","overlay_color":"#000000","overlay_opacity":30}},"93655359-d7d9-4a87-84e6-593be3ab9f54":{"type":"collection","settings":{"collection":"smart-watches","text_color":"rgba(0,0,0,0)","overlay_color":"#000000","overlay_opacity":30}},"8b15bd84-a8f1-4f9c-bdd1-8e1db10c1062":{"type":"collection","settings":{"collection":"bluetooth-speakers","text_color":"rgba(0,0,0,0)","overlay_color":"#000000","overlay_opacity":30}},"17198695-6a04-4c45-89a5-25d36e96dc93":{"type":"collection","settings":{"collection":"home-audio","text_color":"rgba(0,0,0,0)","overlay_color":"#000000","overlay_opacity":30}},"8e75a073-df31-4034-a79b-75d6312da244":{"type":"collection","settings":{"collection":"trebel-for-women","text_color":"rgba(0,0,0,0)","overlay_color":"#000000","overlay_opacity":30}},"0ccf4b7b-5fb4-4c17-9a6c-d2c649790233":{"type":"collection","settings":{"collection":"mobile-accessories","text_color":"rgba(0,0,0,0)","overlay_color":"#000000","overlay_opacity":30}},"b1d8bf39-527d-421a-af59-15b0acb362f5":{"type":"collection","settings":{"collection":"limited-edition","text_color":"rgba(0,0,0,0)","overlay_color":"#000000","overlay_opacity":30}},"5e1f8c49-5fae-4abb-bc7e-861cbe11e8f4":{"type":"collection","settings":{"collection":"misfit-by-boat","text_color":"rgba(0,0,0,0)","overlay_color":"#000000","overlay_opacity":30}},"f7eb9c20-134e-4298-8a5a-8af3b3aba44a":{"type":"collection","settings":{"collection":"immortal-gaming","text_color":"rgba(0,0,0,0)","overlay_color":"#000000","overlay_opacity":30}}},"block_order":["51e2e50f-106b-465f-b455-4c58ef73eb0a","ff591fa2-aa4b-4625-8b73-f47148a2bf2b","8bfdffbb-35b5-4f99-9890-a7ba3657e28d","93655359-d7d9-4a87-84e6-593be3ab9f54","8b15bd84-a8f1-4f9c-bdd1-8e1db10c1062","17198695-6a04-4c45-89a5-25d36e96dc93","8e75a073-df31-4034-a79b-75d6312da244","0ccf4b7b-5fb4-4c17-9a6c-d2c649790233","b1d8bf39-527d-421a-af59-15b0acb362f5","5e1f8c49-5fae-4abb-bc7e-861cbe11e8f4","f7eb9c20-134e-4298-8a5a-8af3b3aba44a"],"settings":{"collections_to_show":"selected","show_collection_title":false}}},"order":["main"]}