{"sections":{"1651735353b95ad94e":{"type":"slideshow","blocks":{"1651735353a99f0bb2-0":{"type":"image","settings":{"image":"shopify:\/\/shop_images\/boAt_Careers_banner_1.jpg","alt_text":"","text_position":"middle_left","subheading":"","title":"","button_1_text":"","button_1_link":"","button_2_text":"","button_2_link":"","text_color":"#ffffff","button_background":"#ffffff","button_text_color":"#000000","overlay_color":"#000000","overlay_opacity":30}}},"block_order":["1651735353a99f0bb2-0"],"settings":{"section_height":"auto","transition_type":"sweep","autoplay":true,"cycle_speed":5,"background":"rgba(0,0,0,0)"}},"165208858180afe970":{"type":"custom-html","settings":{"subheading":"","title":"The Origin Story","html":"<p style=\"text-align: center\">In 2014, Aman Gupta and Sameer Mehta entered a world of unsailed waters to birth fashionable, affordable and quality audio products and accessories for India’s evolving youth. The passion and grit of young millennials and Gen-Z asked for products that could compliment their hustle and empower them in their journey. And that’s exactly why we’re here.\n<\/p>","add_vertical_spacing":true,"background_type":"full_width","background":"rgba(0,0,0,0)","text_color":"rgba(0,0,0,0)"}},"16517433654db3ffb6":{"type":"image-with-text-overlay","settings":{"reveal_on_scroll":false,"section_height":"auto","image":"shopify:\/\/shop_images\/CareerPage_Collage_04.jpg","alt_text":"","subheading":"","title":"","content":"","button_text":"","button_link":"","link_style":"link","background_type":"full_width","text_width":"medium","text_position":"middle_left","text_color":"#ffffff","button_background":"#ffffff","button_text_color":"#000000","overlay_color":"#000000","overlay_opacity":30}},"1651743002d35f4ac9":{"type":"image-with-text","disabled":true,"blocks":{"1651743001bb9a7cd2-0":{"type":"item","settings":{"image":"shopify:\/\/shop_images\/3_3a8b96bc-c71f-4d23-8bec-c757e8319fac.png","alt_text":"","tab_label":"Item","subheading":"","title":"Work at boAt","content":"<p>At boAt, we’re building a world of premium consumer electronics to help Indians push their boundaries, chase their dreams and #DoWhatFloatsYourboAt. <\/p><p>If you’re planning to join us, you’ll be supported, pushed and motivated to do the best work of your life.<\/p>","button_text":"","button_link":""}}},"block_order":["1651743001bb9a7cd2-0"],"settings":{"reveal_on_scroll":true,"background_type":"full_width","background_overlap":"image","image_position":"left","text_alignment":"center","cycle_speed":8,"accent_background":"rgba(0,0,0,0)","text_color":"rgba(0,0,0,0)","button_background":"rgba(0,0,0,0)","button_text_color":"rgba(0,0,0,0)"}},"16520902194b3b9db3":{"type":"custom-html","settings":{"subheading":"","title":"Work at boAt","html":"<p style=\"text-align: center\">At boAt, we’re building a world of premium consumer electronics to help Indians push their boundaries, chase their dreams and #DoWhatFloatsYourboAt. \n\nIf you’re planning to join us, you’ll be supported, pushed and motivated to do the best work of your life.\n<\/p>\n<br>\n<h3 style=\"text-align: center\"><strong>For our Community<\/strong><\/h3>\n<p style=\"text-align: center\">At the core of everything we do, there’s just one objective — empower the self discovery of every Indian.<\/p>\n<br>\n<h3 style=\"text-align: center\"><strong>For our People<\/strong><\/h3>\n<p style=\"text-align: center\">We thrive on the creative energies of young Indians. At boAt, we’re as passionate about building a truly diverse, truly inclusive workplace as creating India’s most loved products. And yes, having fun in the midst is mandatory.<\/p>","add_vertical_spacing":true,"background_type":"full_width","background":"rgba(0,0,0,0)","text_color":"rgba(0,0,0,0)"}},"main":{"type":"main-page","settings":{"show_title":true,"page_width":"medium"}},"165174482905104676":{"type":"custom-html","settings":{"subheading":"","title":"","html":"<style>\nhtml {\n  scroll-behavior: smooth;\n}\n.career-opportunities .container {\n    position: relative;\n    z-index: 3;\n    background-color: #ffffff!important;\n}\n<\/style>\n<button style=\" z-index:2;position:fixed; top:18%; right:0; background:red; padding:6px 16px; \"><a href=\"#co\">Start Hustling<\/a><\/button>","add_vertical_spacing":false,"background_type":"full_width","background":"rgba(0,0,0,0)","text_color":"rgba(0,0,0,0)"}}},"order":["1651735353b95ad94e","165208858180afe970","16517433654db3ffb6","1651743002d35f4ac9","16520902194b3b9db3","main","165174482905104676"]}