{"sections":{"main":{"type":"main-product","blocks":{"variant_picker":{"type":"variant_picker","settings":{"hide_sold_out_variants":false,"selector_mode":"block","color_mode":"color","size_chart_page":""}},"quantity_selector":{"type":"quantity_selector","disabled":true,"settings":{}},"buy_buttons":{"type":"buy_buttons","settings":{"show_payment_button":true,"atc_button_background":"rgba(0,0,0,0)","atc_button_text_color":"rgba(0,0,0,0)","buy_now_button_background":"rgba(0,0,0,0)","buy_now_button_text_color":"rgba(0,0,0,0)"}}},"block_order":["variant_picker","quantity_selector","buy_buttons"],"settings":{"show_timer_on_all":false,"end_date":"May 27, 2022 12:00:00","timer_text":"Launching In","pay_with_rewards":"Get Cashback Upto Rs 500 using","warranty_web2":"shopify:\/\/shop_images\/warranty_usp_2_year_web_80220ffa-4976-42a6-836d-84b36e51ff7b.png","warranty_mob2":"shopify:\/\/shop_images\/warranty_usp_2_year_mob_7addebcd-0849-4026-a385-1031f4bd0673.png","warranty_web1":"shopify:\/\/shop_images\/warranty_usp_1_year_web_9adf807e-d259-4960-ac75-79b36188ad23.png","warranty_mob1":"shopify:\/\/shop_images\/warranty_usp_1_year_mob_4f12766a-7207-406a-a081-7669cf75a5be.png","show_vendor":false,"show_sku":false,"show_taxes_included":false,"show_product_rating":true,"show_sticky_add_to_cart":true,"show_share_buttons":false,"help_page":"","enable_video_autoplay":true,"enable_video_looping":false,"enable_image_zoom":true,"show_thumbnails_on_mobile":false,"desktop_thumbnails_position":"bottom","transition_effect":"fade"}},"product-content":{"type":"product-content","blocks":{"description":{"type":"description","settings":{}},"e6ff3647-2f28-4a24-81e1-85362e118024":{"type":"liquid","settings":{"title":"specifications","liquid":"<p class=\"d-none\">specifications<\/p>"}},"fb608d72-960e-49c9-9f9f-628940a85ef7":{"type":"reviews","settings":{}}},"block_order":["description","e6ff3647-2f28-4a24-81e1-85362e118024","fb608d72-960e-49c9-9f9f-628940a85ef7"],"settings":{}},"product-recommendations":{"type":"product-recommendations","settings":{"subheading":"","title":"You may also like","recommendations_count":4,"background":"rgba(0,0,0,0)","text_color":"rgba(0,0,0,0)"}}},"order":["main","product-content","product-recommendations"]}