{"sections":{"main":{"type":"pa-main-product","blocks":{"variant_picker":{"type":"variant_picker","settings":{"hide_sold_out_variants":false,"selector_mode":"block","color_mode":"color","size_chart_page":""}},"quantity_selector":{"type":"quantity_selector","disabled":true,"settings":{}},"buy_buttons":{"type":"buy_buttons","settings":{"show_payment_button":true,"atc_button_background":"rgba(0,0,0,0)","atc_button_text_color":"rgba(0,0,0,0)","buy_now_button_background":"rgba(0,0,0,0)","buy_now_button_text_color":"rgba(0,0,0,0)"}}},"block_order":["variant_picker","quantity_selector","buy_buttons"],"settings":{"show_timer_on_all":false,"show_timer_on_selected":false,"end_date":"Apr 30, 2022","warranty_web2":"shopify:\/\/shop_images\/warranty_usp_2_year_web_80220ffa-4976-42a6-836d-84b36e51ff7b.png","warranty_mob2":"shopify:\/\/shop_images\/warranty_usp_2_year_mob_7addebcd-0849-4026-a385-1031f4bd0673.png","warranty_web1":"shopify:\/\/shop_images\/warranty_usp_1_year_web_9adf807e-d259-4960-ac75-79b36188ad23.png","warranty_mob1":"shopify:\/\/shop_images\/warranty_usp_1_year_mob_4f12766a-7207-406a-a081-7669cf75a5be.png","show_vendor":false,"show_sku":false,"show_taxes_included":false,"show_product_rating":true,"show_sticky_add_to_cart":true,"show_share_buttons":false,"help_page":"","enable_video_autoplay":true,"enable_video_looping":false,"enable_image_zoom":true,"show_thumbnails_on_mobile":false,"desktop_thumbnails_position":"bottom","transition_effect":"fade"}},"product-content":{"type":"product-content","blocks":{"description":{"type":"description","settings":{}},"8d3dd349-413c-4667-ace8-f946542f1045":{"type":"liquid","settings":{"title":"{{ product.metafields.reviews.rating_count.value }} Reviews","liquid":"{% comment %}Start automatically added Judge.me widget{% endcomment %}\n  \t{% render 'judgeme_widgets', widget_type: 'judgeme_review_widget', concierge_install: true, product: product %}\n  {% comment %}End automatically added Judge.me widget{% endcomment %}"}},"e6ff3647-2f28-4a24-81e1-85362e118024":{"type":"liquid","disabled":true,"settings":{"title":"specifications","liquid":"metafields"}}},"block_order":["description","8d3dd349-413c-4667-ace8-f946542f1045","e6ff3647-2f28-4a24-81e1-85362e118024"],"settings":{}},"product-recommendations":{"type":"product-recommendations","settings":{"subheading":"","title":"You may also like","recommendations_count":4,"background":"rgba(0,0,0,0)","text_color":"rgba(0,0,0,0)"}}},"order":["main","product-content","product-recommendations"]}