{"sections":{"main":{"type":"main-customers-login","blocks":{"login_form":{"type":"login","settings":{}}},"block_order":["login_form"],"settings":{}},"1647144179b4324fd9":{"type":"featured-collections","disabled":true,"blocks":{"164714417966bbdfe9-0":{"type":"collection","settings":{"collection":"top-hits","label":"","button_text":"","button_url":""}}},"block_order":["164714417966bbdfe9-0"],"settings":{"padding":"0","padding_desktop":"","subheading":"","title":"boAt Best Sellers","content":"","products_count":50,"products_per_row":4,"stack_products":false,"show_cta":false,"background":"rgba(0,0,0,0)","text_color":"rgba(0,0,0,0)","button_background":"rgba(0,0,0,0)","button_text_color":"rgba(0,0,0,0)"}},"165121311884cfb467":{"type":"recently-viewed-products","settings":{"subheading":"","title":"Recently viewed","products_count":4,"background":"rgba(0,0,0,0)","text_color":"rgba(0,0,0,0)"}}},"order":["main","1647144179b4324fd9","165121311884cfb467"]}